spec,lat,long
Willisornis,-12.5692,-70.1
Willisornis,-12.569,-70.1
Willisornis,-12.569,-70.0999
Willisornis,-12.5687,-70.0991
Willisornis,-12.5696,-70.0987
Willisornis,-12.5788,-70.0724
Willisornis,-7.859,-70.052917
Willisornis,-4.04888,-70.0349
Willisornis,-4.04888,-70.0349
Willisornis,-4.04086,-70.0149
Willisornis,-4.04086,-70.0149
Willisornis,-4.08457,-69.9943
Willisornis,-4.05853,-69.9943
Willisornis,-4.07895,-69.9876
Willisornis,-4.07895,-69.9876
Willisornis,-4.09925,-69.9863
Willisornis,-3.9041,-69.9831
Willisornis,-3.07,-69.98
Willisornis,-3.07,-69.98
Willisornis,-4.08903,-69.9782
Willisornis,-4.08903,-69.9782
Willisornis,-4.10435,-69.9742
Willisornis,-4.10506,-69.972
Willisornis,-4.1603,-69.947
Willisornis,-4.21507,-69.9425
Willisornis,-4.06975,-69.939
Willisornis,-9.3657,-69.934
Willisornis,-9.35819,-69.9268
Willisornis,-9.35761,-69.9265
Willisornis,-9.35761,-69.9265
Willisornis,-9.35761,-69.9265
Willisornis,-9.35761,-69.9265
Willisornis,-9.35761,-69.9265
Willisornis,-4.13582,-69.9213
Willisornis,-4.13582,-69.9213
Willisornis,-4.13582,-69.9213
Willisornis,-3.985833,-69.901667
Willisornis,-3.985833,-69.901667
Willisornis,-3.985833,-69.901667
Willisornis,-3.985833,-69.901667
Willisornis,-3.985833,-69.901667
Willisornis,-3.985833,-69.901667
Willisornis,-4.005278,-69.898889
Willisornis,-4.003611,-69.8925
Willisornis,-12.0609,-69.8815
Willisornis,-13.503,-69.683
Willisornis,-12.047,-69.6768
Willisornis,-12.047,-69.6768
Willisornis,-13.4843,-69.6744
Willisornis,-13.1372,-69.6119
Willisornis,-13.1372,-69.6119
Willisornis,-13.1372,-69.6119
Willisornis,-13.1372,-69.6119
Willisornis,-13.1372,-69.6119
Willisornis,-13.1342,-69.6109
Willisornis,-13.1342,-69.6109
Willisornis,-13.1342,-69.6109
Willisornis,-13.1342,-69.6109
Willisornis,-13.1342,-69.6109
Willisornis,-13.1342,-69.6109
Willisornis,-13.1342,-69.6109
Willisornis,-13.1342,-69.6109
Willisornis,-13.1342,-69.6109
Willisornis,-13.142,-69.607
Willisornis,-13.0022,-69.6011
Willisornis,-13.0022,-69.6011
Willisornis,-11.3959,-69.535
Willisornis,-12.8204,-69.53
Willisornis,-12.8204,-69.53
Willisornis,-12.8204,-69.53
Willisornis,-12.8304,-69.5238
Willisornis,-12.9338,-69.5174
Willisornis,-12.9338,-69.5174
Willisornis,-12.9338,-69.5174
Willisornis,-12.9338,-69.5174
Willisornis,-12.9338,-69.5174
Willisornis,-12.9338,-69.5174
Willisornis,-12.9338,-69.5174
Willisornis,-12.9338,-69.5174
Willisornis,-12.9338,-69.5174
Willisornis,-12.9338,-69.5174
Willisornis,-12.9338,-69.5174
Willisornis,-12.9338,-69.5174
Willisornis,-12.9338,-69.5174
Willisornis,-12.9338,-69.5174
Willisornis,-12.9338,-69.5174
Willisornis,-12.9338,-69.5174
Willisornis,-12.9338,-69.5174
Willisornis,-12.9338,-69.5174
Willisornis,-12.0699,-69.5165
Willisornis,-12.0699,-69.5165
Willisornis,-12.9318,-69.5155
Willisornis,-12.9318,-69.5155
Willisornis,-12.9298,-69.5113
Willisornis,-12.9298,-69.5113
Willisornis,-12.9298,-69.5113
Willisornis,-12.9298,-69.5113
Willisornis,-12.9298,-69.5113
Willisornis,-12.9944,-69.5079
Willisornis,-12.8416,-69.5013
Willisornis,-12.8734,-69.4992
Willisornis,-12.8734,-69.4992
Willisornis,-12.8734,-69.4992
Willisornis,-12.8734,-69.4992
Willisornis,-12.068154,-69.495205
Willisornis,-12.068154,-69.494519
Willisornis,-12.068154,-69.494519
Willisornis,-12.067975,-69.494015
Willisornis,-12.0701,-69.4935
Willisornis,-12.0701,-69.4935
Willisornis,-12.0701,-69.4935
Willisornis,-12.0701,-69.4935
Willisornis,-12.0701,-69.4935
Willisornis,-12.0701,-69.4935
Willisornis,-12.0701,-69.4935
Willisornis,-12.0701,-69.4935
Willisornis,-12.0701,-69.4935
Willisornis,-12.0701,-69.4935
Willisornis,-12.0701,-69.4935
Willisornis,-12.0701,-69.4935
Willisornis,-12.8611,-69.4925
Willisornis,-12.8647,-69.4914
Willisornis,-12.8612,-69.4902
Willisornis,-12.8616,-69.4894
Willisornis,-12.8616,-69.4894
Willisornis,-12.8616,-69.4894
Willisornis,-12.8616,-69.4894
Willisornis,-12.8616,-69.4894
Willisornis,-12.8616,-69.4894
Willisornis,-12.8616,-69.4894
Willisornis,-12.8616,-69.4894
Willisornis,-12.8616,-69.4894
Willisornis,-12.8616,-69.4894
Willisornis,-12.8616,-69.4894
Willisornis,-12.8616,-69.4894
Willisornis,-12.8616,-69.4894
Willisornis,-12.8616,-69.4894
Willisornis,-12.8616,-69.4894
Willisornis,-12.8616,-69.4894
Willisornis,-12.8616,-69.4894
Willisornis,-12.8616,-69.4894
Willisornis,-12.8616,-69.4894
Willisornis,-12.8616,-69.4894
Willisornis,-12.8616,-69.4894
Willisornis,-12.8616,-69.4894
Willisornis,-12.8616,-69.4894
Willisornis,-12.8616,-69.4894
Willisornis,-12.8616,-69.4894
Willisornis,-12.8616,-69.4894
Willisornis,-12.8616,-69.4894
Willisornis,-12.8616,-69.4894
Willisornis,-12.8616,-69.4894
Willisornis,-12.8616,-69.4894
Willisornis,-12.8616,-69.4894
Willisornis,-12.8616,-69.4894
Willisornis,-12.8616,-69.4894
Willisornis,-12.8616,-69.4894
Willisornis,-12.8616,-69.4894
Willisornis,-12.8616,-69.4894
Willisornis,-12.8616,-69.4894
Willisornis,-12.8616,-69.4894
Willisornis,-12.8616,-69.4894
Willisornis,-12.8616,-69.4894
Willisornis,-12.8616,-69.4894
Willisornis,-12.8616,-69.4894
Willisornis,-12.8616,-69.4894
Willisornis,-12.8616,-69.4894
Willisornis,-12.8616,-69.4894
Willisornis,-12.8616,-69.4894
Willisornis,-12.8616,-69.4894
Willisornis,-12.8616,-69.4894
Willisornis,-12.8616,-69.4894
Willisornis,-12.8616,-69.4894
Willisornis,-12.8616,-69.4894
Willisornis,-12.8616,-69.4894
Willisornis,-12.8612,-69.4894
Willisornis,-12.8617,-69.4893
Willisornis,-12.8617,-69.4893
Willisornis,-12.8617,-69.4893
Willisornis,-12.86,-69.4877
Willisornis,-12.86,-69.4877
Willisornis,-12.8599,-69.4877
Willisornis,-12.8599,-69.4877
Willisornis,-12.8769,-69.4097
Willisornis,-12.8769,-69.4097
Willisornis,-12.8769,-69.4097
Willisornis,-12.8769,-69.4097
Willisornis,-12.8769,-69.4097
Willisornis,-12.8769,-69.4097
Willisornis,-12.8751,-69.4092
Willisornis,-12.8751,-69.4092
Willisornis,-12.8751,-69.4092
Willisornis,-12.8751,-69.4092
Willisornis,-12.8751,-69.4092
Willisornis,-12.8751,-69.4092
Willisornis,-12.8751,-69.4092
Willisornis,-12.8751,-69.4092
Willisornis,-12.8751,-69.4092
Willisornis,-12.8751,-69.4092
Willisornis,-12.8751,-69.4092
Willisornis,-12.8751,-69.4092
Willisornis,-12.8751,-69.4092
Willisornis,-12.8751,-69.4092
Willisornis,-12.8751,-69.4092
Willisornis,-12.8751,-69.4092
Willisornis,-12.8751,-69.4092
Willisornis,-12.8751,-69.4092
Willisornis,-12.8751,-69.4092
Willisornis,-12.8751,-69.4092
Willisornis,-12.8751,-69.4092
Willisornis,-12.8751,-69.4092
Willisornis,-12.8751,-69.4092
Willisornis,-12.8251,-69.4027
Willisornis,-12.8251,-69.4027
Willisornis,-12.8251,-69.4027
Willisornis,-12.8251,-69.4027
Willisornis,-12.8251,-69.4027
Willisornis,-12.8251,-69.4027
Willisornis,-12.8251,-69.4027
Willisornis,-12.8251,-69.4027
Willisornis,-12.816667,-69.4
Willisornis,-12.8259,-69.3394
Willisornis,-12.8128,-69.3008
Willisornis,-12.8014,-69.3004
Willisornis,-12.8024,-69.2999
Willisornis,-12.8024,-69.2999
Willisornis,-12.8024,-69.2999
Willisornis,-12.8312,-69.2963
Willisornis,-12.838,-69.295
Willisornis,-12.8368,-69.2939
Willisornis,-12.8369,-69.2934
Willisornis,-12.8369,-69.2934
Willisornis,-12.8369,-69.2934
Willisornis,-12.8369,-69.2934
Willisornis,-12.8369,-69.2934
Willisornis,-12.8369,-69.2934
Willisornis,-12.8369,-69.2934
Willisornis,-12.8369,-69.2934
Willisornis,-12.8369,-69.2934
Willisornis,-12.8369,-69.2934
Willisornis,-12.8369,-69.2934
Willisornis,-12.8369,-69.2934
Willisornis,-12.8369,-69.2934
Willisornis,-12.8369,-69.2934
Willisornis,-12.8369,-69.2934
Willisornis,-12.8369,-69.2934
Willisornis,-12.8369,-69.2934
Willisornis,-12.8369,-69.2934
Willisornis,-12.8369,-69.2934
Willisornis,-12.8369,-69.2934
Willisornis,-12.8369,-69.2934
Willisornis,-12.8369,-69.2934
Willisornis,-12.8369,-69.2934
Willisornis,-12.8369,-69.2934
Willisornis,-12.8369,-69.2934
Willisornis,-12.8369,-69.2934
Willisornis,-12.8369,-69.2934
Willisornis,-12.8369,-69.2934
Willisornis,-12.8369,-69.2934
Willisornis,-12.8369,-69.2934
Willisornis,-12.8369,-69.2934
Willisornis,-12.8369,-69.2934
Willisornis,-12.8369,-69.2934
Willisornis,-12.8369,-69.2934
Willisornis,-12.8369,-69.2934
Willisornis,-12.8369,-69.2934
Willisornis,-12.8369,-69.2934
Willisornis,-12.8369,-69.2934
Willisornis,-12.8369,-69.2934
Willisornis,-12.8369,-69.2934
Willisornis,-12.8369,-69.2934
Willisornis,-12.8369,-69.2934
Willisornis,-10.6394,-69.291
Willisornis,-12.88,-69.28
Willisornis,-12.88,-69.28
Willisornis,-12.4233,-69.2719
Willisornis,-12.4233,-69.2719
Willisornis,-12.4262,-69.2684
Willisornis,-12.4262,-69.2684
Willisornis,-12.4262,-69.2684
Willisornis,-12.817,-69.2619
Willisornis,-12.666667,-69.25
Willisornis,-11.0504,-69.2386
Willisornis,-12.5982,-69.2185
Willisornis,-12.5982,-69.2185
Willisornis,-11.71055,-69.215267
Willisornis,-11.712733,-69.214583
Willisornis,-11.712733,-69.214583
Willisornis,-11.7102,-69.2127
Willisornis,-11.7102,-69.2127
Willisornis,-11.7102,-69.2127
Willisornis,-11.7102,-69.2127
Willisornis,-11.7102,-69.2127
Willisornis,-11.7102,-69.2127
Willisornis,-11.7193,-69.212133
Willisornis,-12.5172,-69.1713
Willisornis,-12.5172,-69.1713
Willisornis,-12.9158,-69.1273
Willisornis,-12.1858,-69.0979
Willisornis,-12.6137,-69.085
Willisornis,-12.6137,-69.085
Willisornis,-13,-69.083
Willisornis,-12.6078,-69.0811
Willisornis,-12.6175,-69.0785
Willisornis,-12.6175,-69.0785
Willisornis,-12.6175,-69.0785
Willisornis,-12.6175,-69.0785
Willisornis,-12.6175,-69.0785
Willisornis,-12.6175,-69.0785
Willisornis,-12.6236,-69.0733
Willisornis,-12.6236,-69.0733
Willisornis,-12.6236,-69.0733
Willisornis,-12.6236,-69.0733
Willisornis,-12.6236,-69.0733
Willisornis,-12.5333,-69.0517
Willisornis,-12.5333,-69.0517
Willisornis,-12.5333,-69.0517
Willisornis,-12.5324,-69.0495
Willisornis,-12.5368,-69.0494
Willisornis,-12.5368,-69.0494
Willisornis,-12.5349,-69.0486
Willisornis,-12.531,-69.045
Willisornis,-12.531,-69.045
Willisornis,-12.5254,-69.0433
Willisornis,-12.6067,-69.0392
Willisornis,-12.6061,-69.0324
Willisornis,-12.6061,-69.0324
Willisornis,-12.6061,-69.0324
Willisornis,-12.6068,-69.0322
Willisornis,-11.408,-69.0188
Willisornis,-11.408,-69.0188
Willisornis,-11.4051,-69.018
Willisornis,-11.4051,-69.018
Willisornis,-12.5,-69
Willisornis,-12.5,-69
Willisornis,-12.5,-69
Willisornis,-12.5,-69
Willisornis,-8.7512,-68.9938
Willisornis,-12.5102,-68.9795
Willisornis,-12.5102,-68.9795
Willisornis,-12.6625,-68.9583
Willisornis,-9.13016,-68.9525
Willisornis,-12.53,-68.9375
Willisornis,-12.53,-68.9375
Willisornis,-12.53,-68.9375
Willisornis,-3.46,-68.93
Willisornis,-3.46,-68.93
Willisornis,-3.46,-68.93
Willisornis,-3.46,-68.93
Willisornis,-3.46,-68.93
Willisornis,-3.46,-68.93
Willisornis,-12.9567,-68.919
Willisornis,-11.08,-68.89
Willisornis,-11.08,-68.89
Willisornis,-11.08,-68.89
Willisornis,-11.1157,-68.8733
Willisornis,-11.1432,-68.8709
Willisornis,-11.1432,-68.8709
Willisornis,-11.1432,-68.8709
Willisornis,-11.1432,-68.8709
Willisornis,-11.1432,-68.8709
Willisornis,-11.1432,-68.8709
Willisornis,-12.4697,-68.8253
Willisornis,-12.4697,-68.8253
Willisornis,-12.4637,-68.8252
Willisornis,-12.4685,-68.8234
Willisornis,-12.4685,-68.8234
Willisornis,-12.4643,-68.8193
Willisornis,-12.4643,-68.8193
Willisornis,-12.4643,-68.8193
Willisornis,-12.4643,-68.8193
Willisornis,-12.4643,-68.8193
Willisornis,-12.4643,-68.8193
Willisornis,-12.4643,-68.8193
Willisornis,-12.463,-68.8179
Willisornis,-12.463,-68.8179
Willisornis,-12.463,-68.8179
Willisornis,-12.463,-68.8179
Willisornis,-12.463,-68.8179
Willisornis,-12.463,-68.8179
Willisornis,-12.463,-68.8179
Willisornis,-12.4618,-68.8155
Willisornis,-12.462,-68.8154
Willisornis,-12.4832,-68.8083
Willisornis,-12.4832,-68.8083
Willisornis,-13.633,-68.733
Willisornis,-13.633,-68.733
Willisornis,-12.4467,-68.7253
Willisornis,-12.4467,-68.7253
Willisornis,-12.6742,-68.7131
Willisornis,-12.680159,-68.712026
Willisornis,-12.6798,-68.7119
Willisornis,-12.6798,-68.7119
Willisornis,-12.6903,-68.7071
Willisornis,-12.517,-68.7
Willisornis,-12.517,-68.7
Willisornis,-9.90444,-68.4739
Willisornis,-10.8396,-68.378
Willisornis,-10.8396,-68.378
Willisornis,-10.8954,-68.3632
Willisornis,-13.753056,-68.353056
Willisornis,-9.35473,-68.3279
Willisornis,-9.34136,-68.2955
Willisornis,-9.34109,-68.2954
Willisornis,-14.3779,-67.9284
Willisornis,-14.3779,-67.9284
Willisornis,-14.3779,-67.9284
Willisornis,-14.3779,-67.9284
Willisornis,-14.1669,-67.9237
Willisornis,-14.1669,-67.9237
Willisornis,-14.4294,-67.9189
Willisornis,-14.4294,-67.9189
Willisornis,-14.4294,-67.9189
Willisornis,-14.4294,-67.9189
Willisornis,-14.4294,-67.9189
Willisornis,-14.1705,-67.9155
Willisornis,-14.1624,-67.9088
Willisornis,-14.1624,-67.9088
Willisornis,-14.1624,-67.9088
Willisornis,-14.1624,-67.9088
Willisornis,-14.1624,-67.9088
Willisornis,-14.1624,-67.9088
Willisornis,-14.1624,-67.9088
Willisornis,-14.1624,-67.9088
Willisornis,-14.1624,-67.9088
Willisornis,-14.1624,-67.9088
Willisornis,-14.1624,-67.9088
Willisornis,-14.1624,-67.9088
Willisornis,-14.1624,-67.9088
Willisornis,-14.1624,-67.9088
Willisornis,-14.1624,-67.9088
Willisornis,-14.1624,-67.9088
Willisornis,-14.1624,-67.9088
Willisornis,-14.1624,-67.9088
Willisornis,-14.1624,-67.9088
Willisornis,-14.1624,-67.9088
Willisornis,-14.1624,-67.9088
Willisornis,-14.1624,-67.9088
Willisornis,-5.89571,-67.8588
Willisornis,-5.89571,-67.8588
Willisornis,-5.89571,-67.8588
Willisornis,-5.89571,-67.8588
Willisornis,-10.636833,-67.8155
Willisornis,-5.68141,-67.8095
Willisornis,-5.7195,-67.7764
Willisornis,-14.55,-67.716667
Willisornis,-14.5532,-67.6969
Willisornis,-14.5532,-67.6969
Willisornis,-14.5532,-67.6969
Willisornis,-14.5532,-67.6969
Willisornis,-9.7512,-67.6707
Willisornis,-9.7512,-67.6707
Willisornis,-9.7512,-67.6707
Willisornis,-9.7512,-67.6707
Willisornis,-9.7512,-67.6707
Willisornis,-5.60446,-67.5839
Willisornis,-5.60446,-67.5839
Willisornis,-14.4395,-67.5238
Willisornis,-14.4395,-67.5238
Willisornis,-14.4346,-67.5171
Willisornis,-14.6527,-67.5087
Willisornis,-13.5,-67.5
Willisornis,-15.4223,-67.4597
Willisornis,-3.22064,-67.444
Willisornis,-3.22131,-67.4438
Willisornis,-3.22088,-67.4437
Willisornis,-3.22088,-67.4437
Willisornis,-3.223333,-67.441667
Willisornis,-3.17616,-67.3911
Willisornis,-3.17616,-67.3911
Willisornis,-3.17616,-67.3911
Willisornis,-3.18032,-67.3871
Willisornis,-3.26457,-67.3435
Willisornis,-3.27046,-67.3262
Willisornis,-3.27053,-67.3258
Willisornis,-3.27111,-67.3255
Willisornis,-3.29349,-67.3247
Willisornis,-3.29148,-67.3247
Willisornis,-3.29642,-67.3245
Willisornis,-3.26922,-67.318
Willisornis,-3.2797,-67.3175
Willisornis,-5.43862,-67.2866
Willisornis,-5.43862,-67.2866
Willisornis,-5.43862,-67.2866
Willisornis,-5.43862,-67.2866
Willisornis,-9.779861,-67.218583
Willisornis,-5.0644,-67.1095
Willisornis,-5.0644,-67.1095
Willisornis,-5.0644,-67.1095
Willisornis,-5.0644,-67.1095
Willisornis,-5.0644,-67.1095
Willisornis,-5.0644,-67.1095
Willisornis,-5.0644,-67.1095
Willisornis,-5.0644,-67.1095
Willisornis,-10.667,-66.85
Willisornis,-4.83644,-66.8496
Willisornis,-4.83644,-66.8496
Willisornis,-4.83644,-66.8496
Willisornis,-4.83644,-66.8496
Willisornis,-10.1488,-66.3493
Willisornis,-3.75,-66.083333
Willisornis,-11.035,-66.0275
Willisornis,-11.04,-65.794
Willisornis,-11.04,-65.794
Willisornis,-7.67,-65.77
Willisornis,-7.67,-65.77
Willisornis,-7.67,-65.77
Willisornis,-7.67,-65.77
Willisornis,-9.867,-65.7
Willisornis,-10.5379,-65.5824
Willisornis,-9.62442,-65.4524
Willisornis,-9.62442,-65.4524
Willisornis,-9.62523,-65.4466
Willisornis,-9.62523,-65.4466
Willisornis,-9.64222,-65.4456
Willisornis,-9.64222,-65.4456
Willisornis,-9.64222,-65.4456
Willisornis,-9.64222,-65.4456
Willisornis,-9.64222,-65.4456
Willisornis,-9.69444,-65.4217
Willisornis,-9.69444,-65.4217
Willisornis,-9.59451,-65.4183
Willisornis,-10.2264,-65.3717
Willisornis,-10.2264,-65.3717
Willisornis,-10.2264,-65.3717
Willisornis,-9.59942,-65.3693
Willisornis,-9.59944,-65.3692
Willisornis,-9.59944,-65.3692
Willisornis,-9.69967,-65.3682
Willisornis,-9.953,-65.35
Willisornis,-9.953,-65.35
Willisornis,-9.74419,-65.3201
Willisornis,-9.73049,-65.3132
Willisornis,-9.528517,-65.300748
Willisornis,-7.694969,-65.224056
Willisornis,-7.694969,-65.224056
Willisornis,-7.694969,-65.224056
Willisornis,-10.9666,-65.2026
Willisornis,-10.9666,-65.2026
Willisornis,-10.9666,-65.2026
Willisornis,-9.718028,-65.190611
Willisornis,-4.866667,-65.116667
Willisornis,-9.61884,-65.1075
Willisornis,-9.61884,-65.1075
Willisornis,-9.81855,-65.0783
Willisornis,-9.81855,-65.0783
Willisornis,-9.56828,-65.0739
Willisornis,-9.64052,-65.0618
Willisornis,-9.64052,-65.0618
Willisornis,-9.64052,-65.0618
Willisornis,-9.64052,-65.0618
Willisornis,-9.64052,-65.0618
Willisornis,-9.64052,-65.0618
Willisornis,-9.64052,-65.0618
Willisornis,-9.64052,-65.0618
Willisornis,-9.64052,-65.0618
Willisornis,-9.626275,-65.057894
Willisornis,-9.626389,-65.057778
Willisornis,-9.626389,-65.057778
Willisornis,-9.626389,-65.057778
Willisornis,-9.59389,-65.0569
Willisornis,-9.59389,-65.0569
Willisornis,-9.59389,-65.0569
Willisornis,-9.59389,-65.0569
Willisornis,-9.59389,-65.0569
Willisornis,-9.59389,-65.0569
Willisornis,-9.59389,-65.0569
Willisornis,-9.60783,-65.0468
Willisornis,-9.61186,-65.0463
Willisornis,-9.61186,-65.0463
Willisornis,-9.61186,-65.0463
Willisornis,-9.61186,-65.0463
Willisornis,-9.61104,-65.0449
Willisornis,-9.61104,-65.0449
Willisornis,-9.61104,-65.0449
Willisornis,-3.50456,-64.9894
Willisornis,-3.50456,-64.9894
Willisornis,-3.50456,-64.9894
Willisornis,-5.233333,-64.966667
Willisornis,-3.63832,-64.9604
Willisornis,-9.41389,-64.9422
Willisornis,-11.3833,-64.8333
Willisornis,-10.833333,-64.75
Willisornis,-10.833333,-64.75
Willisornis,-7.41419,-64.7286
Willisornis,-7.41433,-64.7282
Willisornis,-7.41433,-64.7282
Willisornis,-3.35026,-64.7167
Willisornis,-3.35026,-64.7167
Willisornis,-12.72,-64.71
Willisornis,-7.44306,-64.6826
Willisornis,-3.45919,-64.6672
Willisornis,-3.45919,-64.6672
Willisornis,-3.45919,-64.6672
Willisornis,-3.45919,-64.6672
Willisornis,-3.45919,-64.6672
Willisornis,-3.47613,-64.6455
Willisornis,-3.4397,-64.6257
Willisornis,-3.4397,-64.6257
Willisornis,-10.3153,-64.5531
Willisornis,-9.293,-64.5319
Willisornis,-9.29439,-64.5192
Willisornis,-9.29439,-64.5192
Willisornis,-9.29439,-64.5192
Willisornis,-9.266822,-64.400086
Willisornis,-9.42662,-64.3021
Willisornis,-5.6333,-64.2833
Willisornis,-11.7925,-64.2536
Willisornis,-7.217667,-64.182722
Willisornis,-8.969391,-64.069945
Willisornis,-11.5903,-63.985
Willisornis,-8.830523,-63.960493
Willisornis,-8.72595,-63.9577
Willisornis,-8.72595,-63.9577
Willisornis,-8.31349,-63.9321
Willisornis,-8.31349,-63.9321
Willisornis,-8.31349,-63.9321
Willisornis,-8.31349,-63.9321
Willisornis,-8.31349,-63.9321
Willisornis,-8.31349,-63.9321
Willisornis,-8.31349,-63.9321
Willisornis,-8.31349,-63.9321
Willisornis,-8.31349,-63.9321
Willisornis,-8.31349,-63.9321
Willisornis,-8.31349,-63.9321
Willisornis,-8.31349,-63.9321
Willisornis,-8.31349,-63.9321
Willisornis,-8.31349,-63.9321
Willisornis,-8.31349,-63.9321
Willisornis,-8.31349,-63.9321
Willisornis,-8.312315,-63.931911
Willisornis,-8.89826,-63.897
Willisornis,-8.68164,-63.8788
Willisornis,-8.68164,-63.8788
Willisornis,-8.61045,-63.8723
Willisornis,-8.61045,-63.8723
Willisornis,-8.61045,-63.8723
Willisornis,-8.61045,-63.8723
Willisornis,-8.61045,-63.8723
Willisornis,-8.61045,-63.8723
Willisornis,-8.61045,-63.8723
Willisornis,-8.61045,-63.8723
Willisornis,-8.61045,-63.8723
Willisornis,-8.61045,-63.8723
Willisornis,-8.853298,-63.86298
Willisornis,-7.831896,-63.844818
Willisornis,-8.31758,-63.8445
Willisornis,-8.31758,-63.8445
Willisornis,-8.31758,-63.8445
Willisornis,-8.78633,-63.8395
Willisornis,-8.12912,-63.7438
Willisornis,-5.7833,-63.6333
Willisornis,-5.7833,-63.6333
Willisornis,-5.7833,-63.6333
Willisornis,-5.7833,-63.6333
Willisornis,-7.48461,-63.5156
Willisornis,-10.7172,-63.4506
Willisornis,-8.34624,-63.41
Willisornis,-7.50165,-63.3931
Willisornis,-7.49945,-63.3865
Willisornis,-7.49945,-63.3865
Willisornis,-7.49945,-63.3865
Willisornis,-7.49945,-63.3865
Willisornis,-7.54002,-63.3534
Willisornis,-7.54002,-63.3534
Willisornis,-7.54002,-63.3534
Willisornis,-7.54002,-63.3534
Willisornis,-7.54002,-63.3534
Willisornis,-7.54002,-63.3534
Willisornis,-7.54002,-63.3534
Willisornis,-7.54002,-63.3534
Willisornis,-7.54002,-63.3534
Willisornis,-7.54002,-63.3534
Willisornis,-7.54002,-63.3534
Willisornis,-7.54002,-63.3534
Willisornis,-7.54002,-63.3534
Willisornis,-7.54002,-63.3534
Willisornis,-7.54002,-63.3534
Willisornis,-7.518333,-63.337778
Willisornis,-7.88644,-63.2462
Willisornis,-7.58104,-63.2388
Willisornis,-7.5993,-63.2347
Willisornis,-7.5993,-63.2347
Willisornis,-7.33735,-63.1897
Willisornis,-7.33735,-63.1897
Willisornis,-7.33735,-63.1897
Willisornis,-7.33735,-63.1897
Willisornis,-8.223889,-63.181833
Willisornis,-8.223889,-63.181833
Willisornis,-10.5344,-63.1683
Willisornis,-7.55978,-63.1096
Willisornis,-7.55978,-63.1096
Willisornis,-7.55978,-63.1096
Willisornis,-7.55978,-63.1096
Willisornis,-7.55978,-63.1096
Willisornis,-7.55978,-63.1096
Willisornis,-7.56846,-63.10415
Willisornis,-7.50767,-63.0272
Willisornis,-10.2993,-62.9511
Willisornis,-7.466667,-62.933333
Willisornis,-10.2979,-62.8667
Willisornis,-10.2979,-62.8667
Willisornis,-10.2979,-62.8667
Willisornis,-10.2979,-62.8667
Willisornis,-10.2979,-62.8667
Willisornis,-10.2979,-62.8667
Willisornis,-10.2979,-62.8667
Willisornis,-14.73,-62.8
Willisornis,-3.13,-62.78
Willisornis,-3.13,-62.78
Willisornis,-3.13,-62.78
Willisornis,-3.13,-62.78
Willisornis,-7.58956,-62.7606
Willisornis,-8.9828,-62.5856
Willisornis,-8.9828,-62.5856
Willisornis,-7.55,-62.55
Willisornis,-6.244845,-62.253566
Willisornis,-6.244845,-62.253566
Willisornis,-8.81456,-62.2164
Willisornis,-8.83879,-62.2055
Willisornis,-8.85543,-62.1786
Willisornis,-8.85543,-62.1786
Willisornis,-8.92577,-62.1157
Willisornis,-8.92577,-62.1157
Willisornis,-8.92577,-62.1157
Willisornis,-8.92577,-62.1157
Willisornis,-8.92577,-62.1157
Willisornis,-8.919,-62.11
Willisornis,-8.93883,-62.0934
Willisornis,-8.93883,-62.0934
Willisornis,-8.93883,-62.0934
Willisornis,-8.93883,-62.0934
Willisornis,-8.93883,-62.0934
Willisornis,-8.93883,-62.0934
Willisornis,-8.93883,-62.0934
Willisornis,-8.92266,-62.0926
Willisornis,-8.92136,-62.0818
Willisornis,-8.92136,-62.0818
Willisornis,-8.92136,-62.0818
Willisornis,-8.92136,-62.0818
Willisornis,-8.92136,-62.0818
Willisornis,-8.92136,-62.0818
Willisornis,-8.92136,-62.0818
Willisornis,-8.92136,-62.0818
Willisornis,-8.92136,-62.0818
Willisornis,-8.92136,-62.0818
Willisornis,-8.92136,-62.0818
Willisornis,-8.92136,-62.0818
Willisornis,-8.92136,-62.0818
Willisornis,-8.92136,-62.0818
Willisornis,-8.92136,-62.0818
Willisornis,-8.92539,-62.0801
Willisornis,-8.92539,-62.0801
Willisornis,-8.92539,-62.0801
Willisornis,-8.92539,-62.0801
Willisornis,-8.9343,-62.056
Willisornis,-8.9343,-62.056
Willisornis,-8.9343,-62.056
Willisornis,-6.55,-62.05
Willisornis,-8.9495,-61.967
Willisornis,-10.87,-61.95
Willisornis,-8.9654,-61.9391
Willisornis,-8.95295,-61.926
Willisornis,-8.95295,-61.926
Willisornis,-8.95295,-61.926
Willisornis,-8.95295,-61.926
Willisornis,-8.95295,-61.926
Willisornis,-8.95295,-61.926
Willisornis,-8.95295,-61.926
Willisornis,-8.95295,-61.926
Willisornis,-5.27217,-61.9203
Willisornis,-5.266667,-61.916667
Willisornis,-9.72981,-61.8874
Willisornis,-9.72981,-61.8874
Willisornis,-9.0526,-61.8491
Willisornis,-9.323232,-61.69942
Willisornis,-14.5325,-61.6872
Willisornis,-8.456906,-61.642673
Willisornis,-8.89556,-61.5803
Willisornis,-8.89556,-61.5803
Willisornis,-8.89556,-61.5803
Willisornis,-8.89556,-61.5803
Willisornis,-8.89556,-61.5803
Willisornis,-8.89556,-61.5803
Willisornis,-8.89556,-61.5803
Willisornis,-8.89556,-61.5803
Willisornis,-8.89556,-61.5803
Willisornis,-8.89556,-61.5803
Willisornis,-8.89556,-61.5803
Willisornis,-8.89556,-61.5803
Willisornis,-8.89556,-61.5803
Willisornis,-4.983333,-61.566667
Willisornis,-14.5,-61.5
Willisornis,-14.5,-61.5
Willisornis,-14.5,-61.5
Willisornis,-14.5,-61.5
Willisornis,-8.695667,-61.408167
Willisornis,-10.0674,-61.3198
Willisornis,-4.583333,-61.25
Willisornis,-14.6086,-61.1934
Willisornis,-14.5425,-61.1908
Willisornis,-14.5425,-61.1908
Willisornis,-3.705684,-61.169451
Willisornis,-3.705684,-61.169451
Willisornis,-14.8811,-61.084
Willisornis,-14.8811,-61.084
Willisornis,-14.8811,-61.084
Willisornis,-7.716667,-61.066667
Willisornis,-13.5559,-61.0096
Willisornis,-13.535,-61.008
Willisornis,-8.59814,-61.0074
Willisornis,-4.816667,-61
Willisornis,-8.49023,-60.9676
Willisornis,-8.49421,-60.9622
Willisornis,-8.49421,-60.9622
Willisornis,-8.49421,-60.9622
Willisornis,-8.49421,-60.9622
Willisornis,-8.49421,-60.9622
Willisornis,-8.49421,-60.9622
Willisornis,-8.49421,-60.9622
Willisornis,-8.49421,-60.9622
Willisornis,-8.49421,-60.9622
Willisornis,-8.49421,-60.9622
Willisornis,-8.49421,-60.9622
Willisornis,-8.49421,-60.9622
Willisornis,-8.49421,-60.9622
Willisornis,-8.49421,-60.9622
Willisornis,-8.49421,-60.9622
Willisornis,-8.49421,-60.9622
Willisornis,-8.49421,-60.9622
Willisornis,-8.49421,-60.9622
Willisornis,-8.49421,-60.9622
Willisornis,-8.49421,-60.9622
Willisornis,-8.49421,-60.9622
Willisornis,-8.49421,-60.9622
Willisornis,-8.49421,-60.9622
Willisornis,-8.49421,-60.9622
Willisornis,-8.4945,-60.962
Willisornis,-8.4945,-60.962
Willisornis,-8.5004,-60.9582
Willisornis,-14.6002,-60.9542
Willisornis,-14.6002,-60.9542
Willisornis,-7.732245,-60.935826
Willisornis,-14.55,-60.93
Willisornis,-4.416667,-60.916667
Willisornis,-13.6,-60.915
Willisornis,-7.695083,-60.912417
Willisornis,-7.695083,-60.912417
Willisornis,-7.695083,-60.912417
Willisornis,-7.70105,-60.9063
Willisornis,-7.70105,-60.9063
Willisornis,-7.699787,-60.890504
Willisornis,-7.699787,-60.890504
Willisornis,-7.699787,-60.890504
Willisornis,-7.699787,-60.890504
Willisornis,-7.699787,-60.890504
Willisornis,-13.655,-60.812
Willisornis,-14.5639,-60.8094
Willisornis,-14.5529,-60.7986
Willisornis,-4.18154,-60.775
Willisornis,-4.18154,-60.775
Willisornis,-4.18154,-60.775
Willisornis,-4.18154,-60.775
Willisornis,-4.18154,-60.775
Willisornis,-4.1834,-60.7728
Willisornis,-13.8776,-60.762
Willisornis,-9.15879,-60.7341
Willisornis,-9.15879,-60.7341
Willisornis,-9.15879,-60.7341
Willisornis,-5.15,-60.733333
Willisornis,-14.6291,-60.7
Willisornis,-7.57415,-60.6917
Willisornis,-7.56722,-60.68817
Willisornis,-7.56722,-60.68817
Willisornis,-7.56722,-60.68817
Willisornis,-7.56722,-60.68817
Willisornis,-7.56722,-60.68817
Willisornis,-7.56722,-60.68817
Willisornis,-7.56722,-60.68817
Willisornis,-7.56722,-60.68817
Willisornis,-7.56729,-60.6879
Willisornis,-7.57258,-60.6836
Willisornis,-3.19821,-60.6825
Willisornis,-3.19821,-60.6825
Willisornis,-4.07364,-60.67
Willisornis,-4.07364,-60.67
Willisornis,-4.07364,-60.67
Willisornis,-4.07364,-60.67
Willisornis,-4.07364,-60.67
Willisornis,-4.07364,-60.67
Willisornis,-4.07364,-60.67
Willisornis,-4.07364,-60.67
Willisornis,-4.07364,-60.67
Willisornis,-4.07364,-60.67
Willisornis,-4.07364,-60.67
Willisornis,-4.07364,-60.67
Willisornis,-4.07364,-60.67
Willisornis,-4.07364,-60.67
Willisornis,-4.07364,-60.67
Willisornis,-4.07364,-60.67
Willisornis,-4.07364,-60.67
Willisornis,-4.07364,-60.67
Willisornis,-4.07364,-60.67
Willisornis,-4.07364,-60.67
Willisornis,-4.07364,-60.67
Willisornis,-4.07364,-60.67
Willisornis,-7.637321,-60.661573
Willisornis,-4.083333,-60.6605
Willisornis,-9.18,-60.63
Willisornis,-9.18,-60.63
Willisornis,-3.3,-60.62
Willisornis,-3.3,-60.62
Willisornis,-3.3,-60.62
Willisornis,-3.3,-60.62
Willisornis,-3.3,-60.62
Willisornis,-3.3,-60.62
Willisornis,-7.703667,-60.595694
Willisornis,-7.703667,-60.595694
Willisornis,-7.703667,-60.595694
Willisornis,-5.77075,-60.554333
Willisornis,-6.93512,-60.5342
Willisornis,-8.17761,-60.45314
Willisornis,-8.17761,-60.45314
Willisornis,-8.17761,-60.45314
Willisornis,-6.25,-60.45
Willisornis,-3.16442,-60.446
Willisornis,-3.16442,-60.446
Willisornis,-3.16442,-60.446
Willisornis,-6.70629,-60.4451
Willisornis,-3.55751,-60.4349
Willisornis,-5.50168,-60.4074
Willisornis,-5.50168,-60.4074
Willisornis,-6.3,-60.4
Willisornis,-6.3,-60.4
Willisornis,-7.829395,-60.396266
Willisornis,-7.829395,-60.396266
Willisornis,-7.829395,-60.396266
Willisornis,-3.62588,-60.3875
Willisornis,-3.62588,-60.3875
Willisornis,-3.6614,-60.3666
Willisornis,-3.82554,-60.3609
Willisornis,-14.8647,-60.328
Willisornis,-3.71515,-60.327
Willisornis,-3.72342,-60.3261
Willisornis,-3.6457,-60.3232
Willisornis,-3.683333,-60.316667
Willisornis,-3.6717,-60.3136
Willisornis,-3.794722,-60.296667
Willisornis,-4.31588,-60.1981
Willisornis,-14.6819,-60.1968
Willisornis,-4.15,-60.133333
Willisornis,-3.1197,-60.0218
Willisornis,-3.13,-59.92
Willisornis,-3.13,-59.92
Willisornis,-3.13,-59.92
Willisornis,-3.13,-59.92
Willisornis,-3.13,-59.92
Willisornis,-3.25569,-59.8558
Willisornis,-5.25175,-59.694722
Willisornis,-5.288889,-59.693611
Willisornis,-3.58047,-59.6911
Willisornis,-4.33227,-59.676
Willisornis,-4.33227,-59.676
Willisornis,-5.28904,-59.6648
Willisornis,-5.28904,-59.6648
Willisornis,-15.205,-59.664
Willisornis,-5.25584,-59.6638
Willisornis,-5.25584,-59.6638
Willisornis,-15.21,-59.66
Willisornis,-5.67731,-59.6096
Willisornis,-5.67731,-59.6096
Willisornis,-4.40002,-59.5928
Willisornis,-4.54882,-59.5735
Willisornis,-4.54882,-59.5735
Willisornis,-4.54882,-59.5735
Willisornis,-4.54882,-59.5735
Willisornis,-4.54882,-59.5735
Willisornis,-4.54882,-59.5735
Willisornis,-4.48688,-59.5603
Willisornis,-4.48688,-59.5603
Willisornis,-4.48688,-59.5603
Willisornis,-4.48688,-59.5603
Willisornis,-4.48688,-59.5603
Willisornis,-4.468889,-59.554722
Willisornis,-4.47,-59.55
Willisornis,-4.43652,-59.5122
Willisornis,-4.43652,-59.5122
Willisornis,-4.43652,-59.5122
Willisornis,-4.43652,-59.5122
Willisornis,-4.43652,-59.5122
Willisornis,-4.43652,-59.5122
Willisornis,-14.19,-59.47
Willisornis,-14.19,-59.47
Willisornis,-14.19,-59.47
Willisornis,-14.19,-59.47
Willisornis,-5.06564,-59.3524
Willisornis,-5.06564,-59.3524
Willisornis,-5.799111,-59.268611
Willisornis,-5.80333,-59.2567
Willisornis,-5.80333,-59.2567
Willisornis,-5.80333,-59.2567
Willisornis,-9.24757,-59.2352
Willisornis,-9.24757,-59.2352
Willisornis,-5.797861,-59.230778
Willisornis,-5.933333,-59.176111
Willisornis,-5.93333,-59.1761
Willisornis,-5.93333,-59.1761
Willisornis,-5.96977,-59.1658
Willisornis,-5.96977,-59.1658
Willisornis,-6.305833,-59.093889
Willisornis,-6.561944,-59.091111
Willisornis,-6.754722,-59.083056
Willisornis,-6.7675,-59.078889
Willisornis,-6.305833,-59.073611
Willisornis,-6.261944,-59.068056
Willisornis,-6.163333,-59.068056
Willisornis,-4.03944,-59.0467
Willisornis,-4.03944,-59.0467
Willisornis,-4.03944,-59.0467
Willisornis,-4.03944,-59.0467
Willisornis,-3.50854,-58.9737
Willisornis,-3.50854,-58.9737
Willisornis,-12.6,-58.95
Willisornis,-11.3732,-58.495
Willisornis,-4.027111,-58.434889
Willisornis,-3.13,-58.42
Willisornis,-6.97,-58.39
Willisornis,-10.3178,-58.3589
Willisornis,-3.86837,-58.3284
Willisornis,-3.86837,-58.3284
Willisornis,-3.86837,-58.3284
Willisornis,-3.86837,-58.3284
Willisornis,-3.86837,-58.3284
Willisornis,-3.86837,-58.3284
Willisornis,-3.86837,-58.3284
Willisornis,-3.84905,-58.3222
Willisornis,-3.84905,-58.3222
Willisornis,-3.84905,-58.3222
Willisornis,-3.84905,-58.3222
Willisornis,-3.84905,-58.3222
Willisornis,-3.84905,-58.3222
Willisornis,-4.914444,-58.294722
Willisornis,-9.81802,-58.2888
Willisornis,-7.50284,-58.2579
Willisornis,-7.50284,-58.2579
Willisornis,-7.50284,-58.2579
Willisornis,-7.498056,-58.257222
Willisornis,-7.64228,-58.2366
Willisornis,-7.64228,-58.2366
Willisornis,-7.51578,-58.2328
Willisornis,-7.13813,-58.2323
Willisornis,-8.2,-58.19
Willisornis,-7.29133,-58.1836
Willisornis,-7.2888,-58.1774
Willisornis,-7.3464,-58.1597
Willisornis,-7.3464,-58.1597
Willisornis,-7.34713,-58.1529
Willisornis,-7.2,-58.05
Willisornis,-4.53904,-57.7593
Willisornis,-4.53904,-57.7593
Willisornis,-4.53904,-57.7593
Willisornis,-4.53904,-57.7593
Willisornis,-4.53904,-57.7593
Willisornis,-4.53904,-57.7593
Willisornis,-4.53904,-57.7593
Willisornis,-5.89759,-57.69662
Willisornis,-3.73228,-57.4968
Willisornis,-3.73228,-57.4968
Willisornis,-3.73228,-57.4968
Willisornis,-3.73228,-57.4968
Willisornis,-3.73228,-57.4968
Willisornis,-3.73228,-57.4968
Willisornis,-15.3378,-57.4693
Willisornis,-15.2784,-57.4359
Willisornis,-15.2784,-57.4359
Willisornis,-15.2784,-57.4359
Willisornis,-15.2784,-57.4359
Willisornis,-15.2784,-57.4359
Willisornis,-15.2784,-57.4359
Willisornis,-5.62194,-57.2803
Willisornis,-5.45417,-57.0714
Willisornis,-10.3609,-56.9828
Willisornis,-10.3224,-56.9731
Willisornis,-10.3222,-56.9729
Willisornis,-10.3597,-56.9705
Willisornis,-10.3605,-56.9562
Willisornis,-10.3605,-56.9562
Willisornis,-9.11222,-56.9422
Willisornis,-5.244444,-56.9175
Willisornis,-9.73,-56.78
Willisornis,-9.3,-56.75
Willisornis,-10.1243,-56.733
Willisornis,-9.38,-56.73
Willisornis,-9.58,-56.72
Willisornis,-8.9167,-56.6667
Willisornis,-13.5259,-56.6327
Willisornis,-13.5407,-56.6315
Willisornis,-13.5407,-56.6315
Willisornis,-13.5407,-56.6315
Willisornis,-13.5407,-56.6315
Willisornis,-13.5407,-56.6315
Willisornis,-13.5407,-56.6315
Willisornis,-13.5407,-56.6315
Willisornis,-13.5407,-56.6315
Willisornis,-13.5407,-56.6315
Willisornis,-13.5407,-56.6315
Willisornis,-13.5407,-56.6315
Willisornis,-13.5407,-56.6315
Willisornis,-13.5407,-56.6315
Willisornis,-13.5407,-56.6315
Willisornis,-13.5407,-56.6315
Willisornis,-13.5407,-56.6315
Willisornis,-13.5407,-56.6315
Willisornis,-13.5407,-56.6315
Willisornis,-13.5407,-56.6315
Willisornis,-4.673056,-56.623056
Willisornis,-4.738381,-56.621733
Willisornis,-9.04485,-56.5874
Willisornis,-9.05418,-56.5863
Willisornis,-9.05418,-56.5863
Willisornis,-9.05418,-56.5863
Willisornis,-4.766667,-56.583333
Willisornis,-9.05583,-56.581
Willisornis,-9.05583,-56.581
Willisornis,-9.41,-56.56
Willisornis,-9.47,-56.46
Willisornis,-4.854517,-56.454253
Willisornis,-4.88165,-56.446192
Willisornis,-4.88165,-56.446192
Willisornis,-5.112808,-56.444397
Willisornis,-5.083333,-56.433333
Willisornis,-4.757778,-56.3925
Willisornis,-4.62439,-56.3874
Willisornis,-4.62439,-56.3874
Willisornis,-4.62439,-56.3874
Willisornis,-4.62439,-56.3874
Willisornis,-4.55672,-56.3153
Willisornis,-4.54592,-56.3114
Willisornis,-4.54592,-56.3114
Willisornis,-4.54996,-56.3063
Willisornis,-4.54996,-56.3063
Willisornis,-4.54996,-56.3063
Willisornis,-4.54996,-56.3063
Willisornis,-4.54898,-56.3038
Willisornis,-4.52793,-56.302
Willisornis,-4.52793,-56.302
Willisornis,-4.52793,-56.302
Willisornis,-4.52793,-56.302
Willisornis,-4.52793,-56.302
Willisornis,-4.52793,-56.302
Willisornis,-4.495,-56.300278
Willisornis,-4.5167,-56.3001
Willisornis,-4.5167,-56.3001
Willisornis,-4.47058,-56.2837
Willisornis,-4.416667,-56.283333
Willisornis,-4.42,-56.28
Willisornis,-4.42,-56.28
Willisornis,-4.42,-56.28
Willisornis,-4.42,-56.28
Willisornis,-4.42,-56.28
Willisornis,-4.42,-56.28
Willisornis,-4.42,-56.28
Willisornis,-4.42,-56.28
Willisornis,-4.42,-56.28
Willisornis,-4.42,-56.28
Willisornis,-4.42,-56.28
Willisornis,-4.42,-56.28
Willisornis,-4.42,-56.28
Willisornis,-9.61022,-56.1987
Willisornis,-2.5033,-56.1943
Willisornis,-2.51173,-56.1941
Willisornis,-9.629,-56.1578
Willisornis,-9.6278,-56.146
Willisornis,-9.6278,-56.146
Willisornis,-9.6278,-56.146
Willisornis,-9.6278,-56.146
Willisornis,-9.6278,-56.146
Willisornis,-6.842694,-56.1455
Willisornis,-9.83939,-56.124
Willisornis,-9.84857,-56.1192
Willisornis,-6.59503,-56.10151
Willisornis,-2.46183,-56.018
Willisornis,-9.2399,-55.9973
Willisornis,-9.24665,-55.988
Willisornis,-9.24665,-55.988
Willisornis,-9.24665,-55.988
Willisornis,-9.24665,-55.988
Willisornis,-9.24665,-55.988
Willisornis,-9.24665,-55.988
Willisornis,-9.24665,-55.988
Willisornis,-9.24665,-55.988
Willisornis,-9.24665,-55.988
Willisornis,-9.24665,-55.988
Willisornis,-9.24665,-55.988
Willisornis,-9.24665,-55.988
Willisornis,-9.24665,-55.988
Willisornis,-9.24665,-55.988
Willisornis,-9.24665,-55.988
Willisornis,-9.24665,-55.988
Willisornis,-9.24665,-55.988
Willisornis,-9.24665,-55.988
Willisornis,-9.24665,-55.988
Willisornis,-9.24665,-55.988
Willisornis,-9.24665,-55.988
Willisornis,-9.24665,-55.988
Willisornis,-9.24665,-55.988
Willisornis,-9.24665,-55.988
Willisornis,-9.24665,-55.988
Willisornis,-9.24665,-55.988
Willisornis,-9.24665,-55.988
Willisornis,-9.24665,-55.988
Willisornis,-9.24665,-55.988
Willisornis,-9.24665,-55.988
Willisornis,-9.24665,-55.988
Willisornis,-9.24665,-55.988
Willisornis,-9.24665,-55.988
Willisornis,-9.24665,-55.988
Willisornis,-9.24665,-55.988
Willisornis,-9.24665,-55.988
Willisornis,-9.24665,-55.988
Willisornis,-9.24665,-55.988
Willisornis,-9.24665,-55.988
Willisornis,-9.24665,-55.988
Willisornis,-9.24665,-55.988
Willisornis,-9.24665,-55.988
Willisornis,-9.24665,-55.988
Willisornis,-9.24665,-55.988
Willisornis,-9.24665,-55.988
Willisornis,-9.24665,-55.988
Willisornis,-9.24665,-55.988
Willisornis,-9.24665,-55.988
Willisornis,-9.24665,-55.988
Willisornis,-9.24665,-55.988
Willisornis,-9.24665,-55.988
Willisornis,-9.24665,-55.988
Willisornis,-9.24665,-55.988
Willisornis,-9.24665,-55.988
Willisornis,-9.24665,-55.988
Willisornis,-9.24665,-55.988
Willisornis,-9.24665,-55.988
Willisornis,-9.24665,-55.988
Willisornis,-9.24665,-55.988
Willisornis,-9.24665,-55.988
Willisornis,-9.58882,-55.9402
Willisornis,-9.58882,-55.9402
Willisornis,-9.58882,-55.9402
Willisornis,-9.58882,-55.9402
Willisornis,-9.58882,-55.9402
Willisornis,-9.63322,-55.9393
Willisornis,-9.63322,-55.9393
Willisornis,-9.63322,-55.9393
Willisornis,-9.61079,-55.9372
Willisornis,-9.59871,-55.9367
Willisornis,-9.59871,-55.9367
Willisornis,-9.59871,-55.9367
Willisornis,-9.59871,-55.9367
Willisornis,-9.59871,-55.9367
Willisornis,-9.59871,-55.9367
Willisornis,-9.59871,-55.9367
Willisornis,-9.59871,-55.9367
Willisornis,-9.59871,-55.9367
Willisornis,-9.59871,-55.9367
Willisornis,-9.60181,-55.9357
Willisornis,-9.60181,-55.9357
Willisornis,-9.60181,-55.9357
Willisornis,-9.60181,-55.9357
Willisornis,-9.5988,-55.9337
Willisornis,-9.5988,-55.9337
Willisornis,-9.5988,-55.9337
Willisornis,-9.5988,-55.9337
Willisornis,-9.5988,-55.9337
Willisornis,-9.5988,-55.9337
Willisornis,-9.59548,-55.9326
Willisornis,-9.59548,-55.9326
Willisornis,-9.59548,-55.9326
Willisornis,-9.59548,-55.9326
Willisornis,-9.59548,-55.9326
Willisornis,-9.59548,-55.9326
Willisornis,-9.59548,-55.9326
Willisornis,-9.61387,-55.9326
Willisornis,-9.59712,-55.9323
Willisornis,-9.59879,-55.9322
Willisornis,-9.61459,-55.9322
Willisornis,-9.5977,-55.9321
Willisornis,-9.59671,-55.932
Willisornis,-9.5981,-55.932
Willisornis,-9.5981,-55.932
Willisornis,-9.5981,-55.932
Willisornis,-9.5981,-55.932
Willisornis,-9.5981,-55.932
Willisornis,-9.5981,-55.932
Willisornis,-9.5981,-55.932
Willisornis,-9.5981,-55.932
Willisornis,-9.59585,-55.932
Willisornis,-9.59753,-55.9315
Willisornis,-9.59753,-55.9315
Willisornis,-9.59753,-55.9315
Willisornis,-9.59677,-55.9315
Willisornis,-9.59677,-55.9315
Willisornis,-9.59677,-55.9315
Willisornis,-9.59677,-55.9315
Willisornis,-9.59677,-55.9315
Willisornis,-9.59677,-55.9315
Willisornis,-9.59677,-55.9315
Willisornis,-9.59677,-55.9315
Willisornis,-9.59753,-55.9315
Willisornis,-9.59752,-55.9314
Willisornis,-9.59749,-55.9314
Willisornis,-9.59755,-55.9314
Willisornis,-9.59749,-55.9314
Willisornis,-9.597507,-55.931335
Willisornis,-9.597507,-55.931335
Willisornis,-9.59769,-55.9312
Willisornis,-9.59726,-55.9311
Willisornis,-9.59726,-55.9311
Willisornis,-9.59726,-55.9311
Willisornis,-9.59726,-55.9311
Willisornis,-9.59726,-55.9311
Willisornis,-9.59726,-55.9311
Willisornis,-9.59726,-55.9311
Willisornis,-9.59726,-55.9311
Willisornis,-9.59726,-55.9311
Willisornis,-9.59726,-55.9311
Willisornis,-9.59726,-55.9311
Willisornis,-9.59726,-55.9311
Willisornis,-9.59726,-55.9311
Willisornis,-9.59726,-55.9311
Willisornis,-9.59726,-55.9311
Willisornis,-9.59726,-55.9311
Willisornis,-9.59726,-55.9311
Willisornis,-9.59726,-55.9311
Willisornis,-9.59726,-55.9311
Willisornis,-9.59726,-55.9311
Willisornis,-9.59726,-55.9311
Willisornis,-9.59726,-55.9311
Willisornis,-9.59726,-55.9311
Willisornis,-9.59726,-55.9311
Willisornis,-9.59726,-55.9311
Willisornis,-9.59726,-55.9311
Willisornis,-9.59726,-55.9311
Willisornis,-9.59726,-55.9311
Willisornis,-9.59726,-55.9311
Willisornis,-9.59726,-55.9311
Willisornis,-9.59726,-55.9311
Willisornis,-9.59726,-55.9311
Willisornis,-9.59726,-55.9311
Willisornis,-9.59726,-55.9311
Willisornis,-9.59726,-55.9311
Willisornis,-9.59726,-55.9311
Willisornis,-9.59726,-55.9311
Willisornis,-9.59726,-55.9311
Willisornis,-9.59726,-55.9311
Willisornis,-9.59726,-55.9311
Willisornis,-9.59726,-55.9311
Willisornis,-9.59726,-55.9311
Willisornis,-9.59726,-55.9311
Willisornis,-9.59726,-55.9311
Willisornis,-9.59726,-55.9311
Willisornis,-9.59726,-55.9311
Willisornis,-9.59726,-55.9311
Willisornis,-9.59726,-55.9311
Willisornis,-9.59726,-55.9311
Willisornis,-9.59726,-55.9311
Willisornis,-9.59726,-55.9311
Willisornis,-9.59726,-55.9311
Willisornis,-9.59726,-55.9311
Willisornis,-9.59726,-55.9311
Willisornis,-9.59726,-55.9311
Willisornis,-9.59726,-55.9311
Willisornis,-9.59726,-55.9311
Willisornis,-9.59726,-55.9311
Willisornis,-9.59726,-55.9311
Willisornis,-9.59726,-55.9311
Willisornis,-9.59726,-55.9311
Willisornis,-9.59726,-55.9311
Willisornis,-9.59726,-55.9311
Willisornis,-9.59726,-55.9311
Willisornis,-9.59726,-55.9311
Willisornis,-9.59726,-55.9311
Willisornis,-9.59726,-55.9311
Willisornis,-9.59726,-55.9311
Willisornis,-9.59726,-55.9311
Willisornis,-9.59726,-55.9311
Willisornis,-9.59726,-55.9311
Willisornis,-9.59726,-55.9311
Willisornis,-9.59726,-55.9311
Willisornis,-9.59726,-55.9311
Willisornis,-9.59726,-55.9311
Willisornis,-9.59726,-55.9311
Willisornis,-9.59726,-55.9311
Willisornis,-9.59726,-55.9311
Willisornis,-9.59726,-55.9311
Willisornis,-9.59726,-55.9311
Willisornis,-9.59726,-55.9311
Willisornis,-9.59726,-55.9311
Willisornis,-9.59726,-55.9311
Willisornis,-9.59726,-55.9311
Willisornis,-9.59726,-55.9311
Willisornis,-9.59726,-55.9311
Willisornis,-9.59726,-55.9311
Willisornis,-9.59726,-55.9311
Willisornis,-9.59726,-55.9311
Willisornis,-9.59726,-55.9311
Willisornis,-9.59726,-55.9311
Willisornis,-9.59726,-55.9311
Willisornis,-9.59726,-55.9311
Willisornis,-9.59726,-55.9311
Willisornis,-9.59726,-55.9311
Willisornis,-9.59726,-55.9311
Willisornis,-9.59726,-55.9311
Willisornis,-9.59726,-55.9311
Willisornis,-9.59726,-55.9311
Willisornis,-9.59726,-55.9311
Willisornis,-9.59726,-55.9311
Willisornis,-9.59726,-55.9311
Willisornis,-9.59726,-55.9311
Willisornis,-9.59726,-55.9311
Willisornis,-9.59726,-55.9311
Willisornis,-9.59726,-55.9311
Willisornis,-9.59726,-55.9311
Willisornis,-9.59726,-55.9311
Willisornis,-9.59726,-55.9311
Willisornis,-9.59726,-55.9311
Willisornis,-9.59726,-55.9311
Willisornis,-9.59726,-55.9311
Willisornis,-9.59726,-55.9311
Willisornis,-9.59726,-55.9311
Willisornis,-9.59726,-55.9311
Willisornis,-9.59726,-55.9311
Willisornis,-9.59726,-55.9311
Willisornis,-9.59726,-55.9311
Willisornis,-9.59726,-55.9311
Willisornis,-9.59726,-55.9311
Willisornis,-9.59726,-55.9311
Willisornis,-9.59726,-55.9311
Willisornis,-9.59726,-55.9311
Willisornis,-9.59726,-55.9311
Willisornis,-9.59726,-55.9311
Willisornis,-9.59726,-55.9311
Willisornis,-9.59726,-55.9311
Willisornis,-9.59726,-55.9311
Willisornis,-9.59726,-55.9311
Willisornis,-9.59726,-55.9311
Willisornis,-9.59726,-55.9311
Willisornis,-9.59726,-55.9311
Willisornis,-9.59726,-55.9311
Willisornis,-9.59726,-55.9311
Willisornis,-9.59726,-55.9311
Willisornis,-9.59726,-55.9311
Willisornis,-9.59726,-55.9311
Willisornis,-9.59726,-55.9311
Willisornis,-9.59726,-55.9311
Willisornis,-9.59726,-55.9311
Willisornis,-9.59726,-55.9311
Willisornis,-9.59726,-55.9311
Willisornis,-9.59726,-55.9311
Willisornis,-9.59726,-55.9311
Willisornis,-9.59726,-55.9311
Willisornis,-9.59726,-55.9311
Willisornis,-9.59726,-55.9311
Willisornis,-9.59726,-55.9311
Willisornis,-9.59726,-55.9311
Willisornis,-9.59726,-55.9311
Willisornis,-9.59726,-55.9311
Willisornis,-9.59726,-55.9311
Willisornis,-9.59726,-55.9311
Willisornis,-9.59726,-55.9311
Willisornis,-9.59726,-55.9311
Willisornis,-9.59726,-55.9311
Willisornis,-9.59726,-55.9311
Willisornis,-9.59726,-55.9311
Willisornis,-9.59726,-55.9311
Willisornis,-9.59726,-55.9311
Willisornis,-9.59726,-55.9311
Willisornis,-9.59726,-55.9311
Willisornis,-9.59726,-55.9311
Willisornis,-9.59726,-55.9311
Willisornis,-9.59726,-55.9311
Willisornis,-9.59726,-55.9311
Willisornis,-9.59726,-55.9311
Willisornis,-9.59726,-55.9311
Willisornis,-9.59726,-55.9311
Willisornis,-9.59726,-55.9311
Willisornis,-9.59726,-55.9311
Willisornis,-9.59726,-55.9311
Willisornis,-9.59726,-55.9311
Willisornis,-9.59726,-55.9311
Willisornis,-9.59726,-55.9311
Willisornis,-9.59726,-55.9311
Willisornis,-9.59726,-55.9311
Willisornis,-9.59726,-55.9311
Willisornis,-9.59726,-55.9311
Willisornis,-9.59726,-55.9311
Willisornis,-9.59726,-55.9311
Willisornis,-9.59726,-55.9311
Willisornis,-9.59726,-55.9311
Willisornis,-9.59726,-55.9311
Willisornis,-9.59726,-55.9311
Willisornis,-9.59726,-55.9311
Willisornis,-9.60883,-55.9309
Willisornis,-9.59739,-55.9308
Willisornis,-9.59739,-55.9308
Willisornis,-9.60655,-55.9305
Willisornis,-9.60021,-55.9304
Willisornis,-9.59621,-55.9301
Willisornis,-9.6027,-55.9301
Willisornis,-9.60507,-55.93
Willisornis,-9.60507,-55.93
Willisornis,-9.60507,-55.93
Willisornis,-9.60507,-55.93
Willisornis,-9.60507,-55.93
Willisornis,-9.60507,-55.93
Willisornis,-9.60507,-55.93
Willisornis,-9.60507,-55.93
Willisornis,-9.60507,-55.93
Willisornis,-9.60507,-55.93
Willisornis,-9.60507,-55.93
Willisornis,-9.60507,-55.93
Willisornis,-9.60507,-55.93
Willisornis,-9.60507,-55.93
Willisornis,-9.60507,-55.93
Willisornis,-9.60507,-55.93
Willisornis,-9.60507,-55.93
Willisornis,-9.60507,-55.93
Willisornis,-9.60507,-55.93
Willisornis,-9.60507,-55.93
Willisornis,-9.60507,-55.93
Willisornis,-9.60507,-55.93
Willisornis,-9.60507,-55.93
Willisornis,-9.60507,-55.93
Willisornis,-9.60507,-55.93
Willisornis,-9.60507,-55.93
Willisornis,-9.60507,-55.93
Willisornis,-9.60507,-55.93
Willisornis,-9.60507,-55.93
Willisornis,-9.60507,-55.93
Willisornis,-9.60507,-55.93
Willisornis,-9.60507,-55.93
Willisornis,-9.60507,-55.93
Willisornis,-9.60507,-55.93
Willisornis,-9.60507,-55.93
Willisornis,-9.60507,-55.93
Willisornis,-9.60507,-55.93
Willisornis,-9.60507,-55.93
Willisornis,-9.60507,-55.93
Willisornis,-9.60507,-55.93
Willisornis,-9.60507,-55.93
Willisornis,-9.60507,-55.93
Willisornis,-9.60507,-55.93
Willisornis,-9.60507,-55.93
Willisornis,-9.60507,-55.93
Willisornis,-9.60507,-55.93
Willisornis,-9.60507,-55.93
Willisornis,-9.60507,-55.93
Willisornis,-9.60251,-55.9296
Willisornis,-9.60251,-55.9296
Willisornis,-9.60251,-55.9296
Willisornis,-9.60251,-55.9296
Willisornis,-9.60251,-55.9296
Willisornis,-9.60251,-55.9296
Willisornis,-9.60098,-55.9294
Willisornis,-9.60098,-55.9294
Willisornis,-9.60272,-55.9291
Willisornis,-9.60272,-55.9291
Willisornis,-9.60272,-55.9291
Willisornis,-9.60278,-55.9291
Willisornis,-9.60278,-55.9291
Willisornis,-9.60278,-55.9291
Willisornis,-9.60272,-55.9291
Willisornis,-9.60272,-55.9291
Willisornis,-9.60272,-55.9291
Willisornis,-9.6027,-55.929
Willisornis,-9.6026,-55.929
Willisornis,-9.6026,-55.929
Willisornis,-9.6026,-55.929
Willisornis,-9.6026,-55.929
Willisornis,-9.6026,-55.929
Willisornis,-9.6039,-55.9283
Willisornis,-9.581919,-55.923281
Willisornis,-9.60079,-55.9228
Willisornis,-9.60079,-55.9228
Willisornis,-9.60079,-55.9228
Willisornis,-9.60079,-55.9228
Willisornis,-9.57328,-55.9215
Willisornis,-9.57328,-55.9215
Willisornis,-9.57328,-55.9215
Willisornis,-9.57328,-55.9215
Willisornis,-9.57328,-55.9215
Willisornis,-9.57328,-55.9215
Willisornis,-9.57328,-55.9215
Willisornis,-9.57328,-55.9215
Willisornis,-9.57328,-55.9215
Willisornis,-9.57328,-55.9215
Willisornis,-9.57328,-55.9215
Willisornis,-9.57328,-55.9215
Willisornis,-9.57328,-55.9215
Willisornis,-9.58565,-55.9198
Willisornis,-9.58565,-55.9198
Willisornis,-9.58565,-55.9198
Willisornis,-9.58565,-55.9198
Willisornis,-9.58565,-55.9198
Willisornis,-9.58565,-55.9198
Willisornis,-9.58565,-55.9198
Willisornis,-9.58565,-55.9198
Willisornis,-9.58565,-55.9198
Willisornis,-9.58565,-55.9198
Willisornis,-9.58565,-55.9198
Willisornis,-9.58565,-55.9198
Willisornis,-9.58565,-55.9198
Willisornis,-9.58565,-55.9198
Willisornis,-9.58314,-55.9189
Willisornis,-9.565881,-55.915432
Willisornis,-9.57128,-55.9146
Willisornis,-9.57128,-55.9146
Willisornis,-9.57128,-55.9146
Willisornis,-9.57128,-55.9146
Willisornis,-9.57128,-55.9146
Willisornis,-9.57128,-55.9146
Willisornis,-9.57128,-55.9146
Willisornis,-9.56669,-55.9139
Willisornis,-9.56669,-55.9139
Willisornis,-9.55853,-55.9131
Willisornis,-9.55855,-55.913
Willisornis,-9.55855,-55.913
Willisornis,-9.55855,-55.913
Willisornis,-9.54634,-55.9086
Willisornis,-9.54634,-55.9086
Willisornis,-9.54634,-55.9086
Willisornis,-9.54634,-55.9086
Willisornis,-9.54634,-55.9086
Willisornis,-9.54634,-55.9086
Willisornis,-9.54634,-55.9086
Willisornis,-9.54634,-55.9086
Willisornis,-9.54634,-55.9086
Willisornis,-9.54634,-55.9086
Willisornis,-9.54634,-55.9086
Willisornis,-9.54634,-55.9086
Willisornis,-9.54634,-55.9086
Willisornis,-9.54634,-55.9086
Willisornis,-9.54634,-55.9086
Willisornis,-9.54634,-55.9086
Willisornis,-9.54634,-55.9086
Willisornis,-9.54634,-55.9086
Willisornis,-9.54634,-55.9086
Willisornis,-9.54634,-55.9086
Willisornis,-9.54634,-55.9086
Willisornis,-9.54634,-55.9086
Willisornis,-9.54634,-55.9086
Willisornis,-9.54634,-55.9086
Willisornis,-9.54634,-55.9086
Willisornis,-9.54634,-55.9086
Willisornis,-9.54634,-55.9086
Willisornis,-9.54634,-55.9086
Willisornis,-9.54634,-55.9086
Willisornis,-9.54634,-55.9086
Willisornis,-9.54634,-55.9086
Willisornis,-9.54634,-55.9086
Willisornis,-9.54634,-55.9086
Willisornis,-9.54634,-55.9086
Willisornis,-9.54634,-55.9086
Willisornis,-9.54634,-55.9086
Willisornis,-9.54634,-55.9086
Willisornis,-9.54634,-55.9086
Willisornis,-4.2667,-55.9
Willisornis,-4.2667,-55.9
Willisornis,-4.2667,-55.9
Willisornis,-9.45022,-55.898
Willisornis,-9.45022,-55.898
Willisornis,-9.45022,-55.898
Willisornis,-9.45022,-55.898
Willisornis,-9.45022,-55.898
Willisornis,-9.45022,-55.898
Willisornis,-9.45022,-55.898
Willisornis,-9.28,-55.8315
Willisornis,-11.7524,-55.6949
Willisornis,-11.7522,-55.639
Willisornis,-11.773,-55.6239
Willisornis,-12.52,-55.62
Willisornis,-4.66667,-55.6167
Willisornis,-7.08333,-55.5833
Willisornis,-11.8371,-55.4992
Willisornis,-13.0315,-55.2558
Willisornis,-3.129,-55.13213
Willisornis,-3.129,-55.13213
Willisornis,-3.088275,-55.126199
Willisornis,-3.088275,-55.126199
Willisornis,-3.088275,-55.126199
Willisornis,-2.84365,-55.0349
Willisornis,-2.82603,-55.024
Willisornis,-2.92905,-55.0009
Willisornis,-3.294,-54.998
Willisornis,-3.32907,-54.9724
Willisornis,-3.23993,-54.9715
Willisornis,-2.86169,-54.9655
Willisornis,-2.86169,-54.9655
Willisornis,-2.86169,-54.9655
Willisornis,-2.86169,-54.9655
Willisornis,-3.29635,-54.9633
Willisornis,-3.29635,-54.9633
Willisornis,-3.353056,-54.961389
Willisornis,-2.87225,-54.9599
Willisornis,-2.85649,-54.9586
Willisornis,-2.85649,-54.9586
Willisornis,-2.85649,-54.9586
Willisornis,-2.85649,-54.9586
Willisornis,-2.85649,-54.9586
Willisornis,-2.85649,-54.9586
Willisornis,-2.85649,-54.9586
Willisornis,-2.85649,-54.9586
Willisornis,-2.85649,-54.9586
Willisornis,-2.85649,-54.9586
Willisornis,-2.85649,-54.9586
Willisornis,-2.85649,-54.9586
Willisornis,-2.85649,-54.9586
Willisornis,-2.85649,-54.9586
Willisornis,-2.85649,-54.9586
Willisornis,-3.35531,-54.9477
Willisornis,-3.35531,-54.9477
Willisornis,-3.355,-54.947222
Willisornis,-2.90112,-54.9379
Willisornis,-2.90112,-54.9379
Willisornis,-2.93851,-54.9345
Willisornis,-2.93851,-54.9345
Willisornis,-3.04005,-54.9306
Willisornis,-3.04005,-54.9306
Willisornis,-3.34809,-54.9291
Willisornis,-3.26333,-54.8928
Willisornis,-3.26333,-54.8928
Willisornis,-3.26334,-54.8928
Willisornis,-2.71459,-54.8893
Willisornis,-2.71459,-54.8893
Willisornis,-3.25688,-54.8883
Willisornis,-3.25688,-54.8883
Willisornis,-3.22532,-54.8878
Willisornis,-2.81888,-54.8823
Willisornis,-3.00059,-54.8786
Willisornis,-3.42946,-54.8425
Willisornis,-3.14707,-54.8383
Willisornis,-3.46441,-54.8073
Willisornis,-2.70551,-54.786
Willisornis,-2.70551,-54.786
Willisornis,-2.72594,-54.7766
Willisornis,-2.72594,-54.7766
Willisornis,-10.28,-54.68
Willisornis,-3.47294,-54.56546
Willisornis,-9.26,-54.47
Willisornis,-13.11,-54.4
Willisornis,-10.5,-54.4
Willisornis,-9.89654,-54.3741
Willisornis,-12.52,-54.35
Willisornis,-9.94,-54.34
Willisornis,-11.08,-54.33
Willisornis,-9.95192,-54.3237
Willisornis,-9.96133,-54.3112
Willisornis,-12.11,-54.31
Willisornis,-10.0605,-54.2894
Willisornis,-10.0604,-54.2894
Willisornis,-12.1441,-54.1046
Willisornis,-3.20954,-53.8563
Willisornis,-3.19998,-53.8474
Willisornis,-3.92,-53.12
Willisornis,-3.92,-53.12
Willisornis,-3.92,-53.12
Willisornis,-10.74,-52.91
Willisornis,-3.527056,-52.37325
Willisornis,-12.89,-52.37
Willisornis,-3.2,-52.2
Willisornis,-6.61843,-51.9712
Willisornis,-6.61843,-51.9712
Willisornis,-3.37693,-51.9295
Willisornis,-3.37693,-51.9295
Willisornis,-3.3848,-51.9245
Willisornis,-2.58778,-51.9055
Willisornis,-2.58778,-51.9055
Willisornis,-2.58778,-51.9055
Willisornis,-3.33456,-51.8792
Willisornis,-3.33456,-51.8792
Willisornis,-2.64805,-51.8069
Willisornis,-2.64805,-51.8069
Willisornis,-2.64805,-51.8069
Willisornis,-2.64805,-51.8069
Willisornis,-2.64805,-51.8069
Willisornis,-1.7375,-51.4556
Willisornis,-1.73741,-51.4554
Willisornis,-1.72732,-51.4554
Willisornis,-1.73741,-51.4554
Willisornis,-1.71391,-51.3712
Willisornis,-3.93103,-51.073
Willisornis,-3.93103,-51.073
Willisornis,-3.93103,-51.073
Willisornis,-3.92782,-51.0659
Willisornis,-3.92782,-51.0659
Willisornis,-3.92782,-51.0659
Willisornis,-4.01325,-51.0575
Willisornis,-3.97286,-51.0561
Willisornis,-3.94436,-51.0535
Willisornis,-4.04248,-51.0435
Willisornis,-4.04248,-51.0435
Willisornis,-4.04248,-51.0435
Willisornis,-4.05083,-51.0195
Willisornis,-4.04947,-51.018
Willisornis,-4.04947,-51.018
Willisornis,-4.04947,-51.018
Willisornis,-4.04878,-51.017
Willisornis,-4.04878,-51.017
Willisornis,-4.04903,-51.0167
Willisornis,-4.04903,-51.0167
Willisornis,-4.04884,-51.0166
Willisornis,-3.84627,-51.0019
Willisornis,-3.84627,-51.0019
Willisornis,-3.84859,-50.7966
Willisornis,-3.84946,-50.7963
Willisornis,-3.84946,-50.7963
Willisornis,-3.84786,-50.796
Willisornis,-3.8479,-50.7958
Willisornis,-3.84764,-50.7956
Willisornis,-3.84701,-50.7947
Willisornis,-3.84517,-50.7928
Willisornis,-3.84517,-50.7928
Willisornis,-3.84318,-50.7916
Willisornis,-4.50005,-50.7895
Willisornis,-4.50005,-50.7895
Willisornis,-3.8321,-50.7877
Willisornis,-3.8321,-50.7877
Willisornis,-3.8321,-50.7877
Willisornis,-3.8321,-50.7877
Willisornis,-4.49635,-50.7865
Willisornis,-4.49635,-50.7865
Willisornis,-4.49635,-50.7865
Willisornis,-4.40192,-50.7645
Willisornis,-4.5344,-50.7635
Willisornis,-4.5344,-50.7635
Willisornis,-4.5344,-50.7635
Willisornis,-4.39964,-50.7611
Willisornis,-4.39964,-50.7611
Willisornis,-4.39964,-50.7611
Willisornis,-4.39964,-50.7611
Willisornis,-4.55659,-50.7528
Willisornis,-4.55659,-50.7528
Willisornis,-4.55659,-50.7528
Willisornis,-12.7219,-50.7246
Willisornis,-12.7219,-50.7246
Willisornis,-5.9718,-50.7132
Willisornis,-4.2015,-50.6882
Willisornis,-1.86047,-50.6641
Willisornis,-1.86047,-50.6641
Willisornis,-1.86047,-50.6641
Willisornis,-1.86047,-50.6641
Willisornis,-2.10818,-50.6254
Willisornis,-6.15655,-50.5901
Willisornis,-6.15655,-50.5901
Willisornis,-6.15655,-50.5901
Willisornis,-6.15655,-50.5901
Willisornis,-6.15655,-50.5901
Willisornis,-6.04318,-50.5695
Willisornis,-6.04428,-50.5635
Willisornis,-6.04428,-50.5635
Willisornis,-6.04428,-50.5635
Willisornis,-5.900189,-50.550842
Willisornis,-5.900189,-50.550842
Willisornis,-5.55612,-50.5156
Willisornis,-5.55612,-50.5156
Willisornis,-6.01164,-50.501
Willisornis,-6,-50.5
Willisornis,-6,-50.5
Willisornis,-6.32464,-50.4501
Willisornis,-6.1242,-50.4382
Willisornis,-6.1242,-50.4382
Willisornis,-6.32993,-50.4213
Willisornis,-5.94896,-50.3809
Willisornis,-5.96429,-50.3651
Willisornis,-5.96573,-50.3635
Willisornis,-5.96573,-50.3635
Willisornis,-9.83543,-50.3568
Willisornis,-9.83543,-50.3568
Willisornis,-9.83543,-50.3568
Willisornis,-9.83543,-50.3568
Willisornis,-9.83543,-50.3568
Willisornis,-9.83543,-50.3568
Willisornis,-9.83543,-50.3568
Willisornis,-9.83543,-50.3568
Willisornis,-9.83543,-50.3568
Willisornis,-9.83543,-50.3568
Willisornis,-6.17452,-50.3495
Willisornis,-6.17452,-50.3495
Willisornis,-6.17452,-50.3495
Willisornis,-6.17452,-50.3495
Willisornis,-6.17452,-50.3495
Willisornis,-6.1603,-50.3459
Willisornis,-6.0859,-50.3394
Willisornis,-6.38765,-50.33
Willisornis,-5.99673,-50.3127
Willisornis,-5.99673,-50.3127
Willisornis,-5.99673,-50.3127
Willisornis,-6.09371,-50.3062
Willisornis,-6.09144,-50.303
Willisornis,-6.1802,-50.2968
Willisornis,-9.68001,-50.2918
Willisornis,-9.68001,-50.2918
Willisornis,-9.68001,-50.2918
Willisornis,-9.68001,-50.2918
Willisornis,-6.18629,-50.2786
Willisornis,-6.18629,-50.2786
Willisornis,-6.18629,-50.2786
Willisornis,-6.18629,-50.2786
Willisornis,-6.18629,-50.2786
Willisornis,-6.18629,-50.2786
Willisornis,-6.18629,-50.2786
Willisornis,-6.18629,-50.2786
Willisornis,-6.08675,-50.2312
Willisornis,-6.10994,-50.229
Willisornis,-6.10994,-50.229
Willisornis,-9.73866,-50.1882
Willisornis,-6.19046,-50.1382
Willisornis,-6.04282,-50.121
Willisornis,-6.09451,-50.1196
Willisornis,-6.04493,-50.0933
Willisornis,-6.04493,-50.0933
Willisornis,-6.04283,-50.0916
Willisornis,-6.04283,-50.0916
Willisornis,-6.04283,-50.0916
Willisornis,-6.04283,-50.0916
Willisornis,-6.04283,-50.0916
Willisornis,-6.04283,-50.0916
Willisornis,-6.04283,-50.0916
Willisornis,-6.04283,-50.0916
Willisornis,-6.04283,-50.0916
Willisornis,-6.04283,-50.0916
Willisornis,-6.04283,-50.0916
Willisornis,-6.04283,-50.0916
Willisornis,-6.04283,-50.0916
Willisornis,-6.04283,-50.0916
Willisornis,-6.04283,-50.0916
Willisornis,-6.04283,-50.0916
Willisornis,-6.04283,-50.0916
Willisornis,-6.04283,-50.0916
Willisornis,-6.04283,-50.0916
Willisornis,-6.032514,-50.087143
Willisornis,-9.5622,-50.064
Willisornis,-6.07038,-50.0637
Willisornis,-6.07038,-50.0637
Willisornis,-6.07038,-50.0637
Willisornis,-6.06071,-50.0608
Willisornis,-6.06343,-50.0586
Willisornis,-6.06343,-50.0586
Willisornis,-5.60487,-50.0501
Willisornis,-5.60458,-50.05
Willisornis,-5.60447,-50.0499
Willisornis,-5.60468,-50.0498
Willisornis,-5.60459,-50.0484
Willisornis,-5.60484,-50.0472
Willisornis,-5.60484,-50.0467
Willisornis,-5.60456,-50.0464
Willisornis,-5.60461,-50.0463
Willisornis,-9.97933,-50.0365
Willisornis,-9.97933,-50.0365
Willisornis,-9.97933,-50.0365
Willisornis,-9.97933,-50.0365
Willisornis,-9.97933,-50.0365
Willisornis,-6.08823,-50.0345
Willisornis,-6.08823,-50.0345
Willisornis,-6.08823,-50.0345
Willisornis,-6.08823,-50.0345
Willisornis,-6.08823,-50.0345
Willisornis,-6.08823,-50.0345
Willisornis,-6.08823,-50.0345
Willisornis,-6.08823,-50.0345
Willisornis,-6.08823,-50.0345
Willisornis,-6.08823,-50.0345
Willisornis,-6.08818,-50.0345
Willisornis,-6.08823,-50.0345
Willisornis,-6.08823,-50.0345
Willisornis,-6.08823,-50.0345
Willisornis,-6.08823,-50.0345
Willisornis,-6.08823,-50.0345
Willisornis,-6.08823,-50.0345
Willisornis,-6.08823,-50.0345
Willisornis,-6.08817,-50.0344
Willisornis,-6.08817,-50.0344
Willisornis,-6.08838,-50.0341
Willisornis,-6.08838,-50.0341
Willisornis,-6.08838,-50.0341
Willisornis,-6.08838,-50.0341
Willisornis,-6.08838,-50.0341
Willisornis,-4.2603,-50.0235
Willisornis,-6.39216,-50.0144
Willisornis,-6.39216,-50.0144
Willisornis,-6.1088,-50.0086
Willisornis,-6.1088,-50.0086
Willisornis,-6.1088,-50.0086
Willisornis,-6.06605,-49.9188
Willisornis,-6.06605,-49.9188
Willisornis,-6.06605,-49.9188
Willisornis,-6.06605,-49.9188
Willisornis,-6.06605,-49.9188
Willisornis,-6.06605,-49.9188
Willisornis,-5.912359,-49.915052
Willisornis,-5.91475,-49.9117
Willisornis,-5.91475,-49.9117
Willisornis,-5.91475,-49.9117
Willisornis,-5.91475,-49.9117
Willisornis,-5.91475,-49.9117
Willisornis,-5.91475,-49.9117
Willisornis,-5.91475,-49.9117
Willisornis,-5.91475,-49.9117
Willisornis,-5.91475,-49.9117
Willisornis,-5.91475,-49.9117
Willisornis,-5.91475,-49.9117
Willisornis,-5.91475,-49.9117
Willisornis,-5.91475,-49.9117
Willisornis,-5.91475,-49.9117
Willisornis,-5.91475,-49.9117
Willisornis,-5.91475,-49.9117
Willisornis,-5.91475,-49.9117
Willisornis,-5.91475,-49.9117
Willisornis,-5.91475,-49.9117
Willisornis,-6.068202,-49.90417
Willisornis,-5.95657,-49.8982
Willisornis,-5.95657,-49.8982
Willisornis,-5.95657,-49.8982
Willisornis,-5.95657,-49.8982
Willisornis,-5.95657,-49.8982
Willisornis,-5.95657,-49.8982
Willisornis,-5.95657,-49.8982
Willisornis,-5.9302,-49.8878
Willisornis,-5.9302,-49.8878
Willisornis,-1.67036,-49.8469
Willisornis,-5.84489,-49.6762
Willisornis,-5.84489,-49.6762
Willisornis,-5.65796,-49.4836
Willisornis,-5.65899,-49.4815
Willisornis,-8.04335,-49.4597
Willisornis,-8.04335,-49.4597
Willisornis,-4.2326,-49.4117
Willisornis,-7.99668,-49.4079
Willisornis,-7.99574,-49.4034
Willisornis,-7.99574,-49.4034
Willisornis,-7.99574,-49.4034
Willisornis,-7.99574,-49.4034
Willisornis,-7.9974,-49.3759
Willisornis,-7.99906,-49.3745
Willisornis,-7.99906,-49.3745
Willisornis,-6.60462,-49.3608
Willisornis,-6.60462,-49.3608
Willisornis,-6.60495,-49.3604
Willisornis,-8.06539,-49.36
Willisornis,-8.06539,-49.36
Willisornis,-8.06539,-49.36
Willisornis,-8.06539,-49.36
Willisornis,-8.06539,-49.36
Willisornis,-8.06539,-49.36
Willisornis,-8.06539,-49.36
Willisornis,-8.06539,-49.36
Willisornis,-8.06147,-49.3468
Willisornis,-8.39032,-49.2708
Willisornis,-8.66805,-49.2142
Willisornis,-2.85938,-49.1975
Willisornis,-8.27885,-49.1817
Willisornis,-8.27885,-49.1817
Willisornis,-8.27833,-49.1813
Willisornis,-8.27793,-49.1807
Willisornis,-8.27793,-49.1807
Willisornis,-8.27793,-49.1807
Willisornis,-8.27612,-49.1783
Willisornis,-8.27387,-49.1762
Willisornis,-2.6045,-48.7866
Willisornis,-2.60533,-48.7855
Willisornis,-2.60533,-48.7855
Willisornis,-3.83034,-48.7616
Willisornis,-3.83034,-48.7616
Willisornis,-3.83034,-48.7616
Willisornis,-3.83034,-48.7616
Willisornis,-3.83034,-48.7616
Willisornis,-1.59298,-48.7172
Willisornis,-1.59298,-48.7172
Willisornis,-1.59298,-48.7172
Willisornis,-3.78861,-48.5336
Willisornis,-3.73111,-48.4969
Willisornis,-3.7475,-48.4919
Willisornis,-1.45,-48.483334
Willisornis,-1.4238,-48.4424
Willisornis,-1.4238,-48.4424
Willisornis,-1.4238,-48.4424
Willisornis,-8.6204,-48.4106
Willisornis,-1.09503,-48.3331
Willisornis,-6.13233,-48.3168
Willisornis,-1.48786,-48.3156
Willisornis,-1.48786,-48.3156
Willisornis,-1.48786,-48.3156
Willisornis,-1.48676,-48.3129
Willisornis,-1.2034,-48.3017
Willisornis,-1.20228,-48.3014
Willisornis,-1.20228,-48.3014
Willisornis,-1.20228,-48.3014
Willisornis,-1.20228,-48.3014
Willisornis,-1.20228,-48.3014
Willisornis,-1.20228,-48.3014
Willisornis,-1.20228,-48.3014
Willisornis,-1.20228,-48.3014
Willisornis,-1.20255,-48.3008
Willisornis,-1.20255,-48.3008
Willisornis,-1.20255,-48.3008
Willisornis,-1.20255,-48.3008
Willisornis,-1.20255,-48.3008
Willisornis,-1.20255,-48.3008
Willisornis,-1.20255,-48.3008
Willisornis,-1.20307,-48.3005
Willisornis,-1.20307,-48.3005
Willisornis,-1.20307,-48.3005
Willisornis,-1.202061,-48.298619
Willisornis,-1.20206,-48.2986
Willisornis,-1.21124,-48.295
Willisornis,-1.21124,-48.295
Willisornis,-1.21124,-48.295
Willisornis,-1.21124,-48.295
Willisornis,-1.21124,-48.295
Willisornis,-1.21124,-48.295
Willisornis,-1.21124,-48.295
Willisornis,-1.21124,-48.295
Willisornis,-1.21124,-48.295
Willisornis,-1.21124,-48.295
Willisornis,-1.21124,-48.295
Willisornis,-1.21124,-48.295
Willisornis,-1.21124,-48.295
Willisornis,-1.21124,-48.295
Willisornis,-1.21124,-48.295
Willisornis,-1.21124,-48.295
Willisornis,-1.21923,-48.2945
Willisornis,-3.73145,-48.2901
Willisornis,-3.73145,-48.2901
Willisornis,-3.73145,-48.2901
Willisornis,-3.73145,-48.2901
Willisornis,-3.73145,-48.2901
Willisornis,-3.73145,-48.2901
Willisornis,-3.73145,-48.2901
Willisornis,-3.73145,-48.2901
Willisornis,-3.73145,-48.2901
Willisornis,-3.73145,-48.2901
Willisornis,-3.73145,-48.2901
Willisornis,-3.73145,-48.2901
Willisornis,-3.73145,-48.2901
Willisornis,-3.73145,-48.2901
Willisornis,-3.73145,-48.2901
Willisornis,-3.73145,-48.2901
Willisornis,-3.73145,-48.2901
Willisornis,-3.73145,-48.2901
Willisornis,-3.73145,-48.2901
Willisornis,-3.73145,-48.2901
Willisornis,-3.73145,-48.2901
Willisornis,-3.73145,-48.2901
Willisornis,-3.73145,-48.2901
Willisornis,-3.73145,-48.2901
Willisornis,-3.73145,-48.2901
Willisornis,-3.73145,-48.2901
Willisornis,-3.73145,-48.2901
Willisornis,-3.73145,-48.2901
Willisornis,-3.73145,-48.2901
Willisornis,-3.73145,-48.2901
Willisornis,-3.73145,-48.2901
Willisornis,-3.73145,-48.2901
Willisornis,-6.10821,-48.2706
Willisornis,-6.54174,-48.2239
Willisornis,-7.0908,-48.2134
Willisornis,-7.08973,-48.212
Willisornis,-7.08973,-48.212
Willisornis,-7.08973,-48.212
Willisornis,-7.08973,-48.212
Willisornis,-7.18269,-48.2021
Willisornis,-7.10436,-48.1994
Willisornis,-7.18103,-48.1981
Willisornis,-6.0832,-48.186
Willisornis,-6.75513,-48.1695
Willisornis,-0.924185,-48.0958
Willisornis,-1.60105,-48.0906
Willisornis,-3.26492,-47.7342
Willisornis,-3.26492,-47.7342
Willisornis,-3.26492,-47.7342
Willisornis,-3.26492,-47.7342
Willisornis,-6.66093,-47.5196
Willisornis,-6.66093,-47.5196
Willisornis,-6.66093,-47.5196
Willisornis,-6.66093,-47.5196
Willisornis,-2.96041,-47.1983
Willisornis,-3.51072,-46.8273
Willisornis,-3.51072,-46.8273
Willisornis,-3.51072,-46.8273
Willisornis,-3.51072,-46.8273
Willisornis,-3.51072,-46.8273
Willisornis,-3.51072,-46.8273
Willisornis,-3.8141,-46.8045
Willisornis,-3.62393,-46.8003
Willisornis,-3.39102,-46.7898
Willisornis,-3.39102,-46.7898
Willisornis,-3.70438,-46.7627
Willisornis,-3.70438,-46.7627
Willisornis,-3.70438,-46.7627
Willisornis,-3.70438,-46.7627
Willisornis,-3.70356,-46.7622
Willisornis,-3.70356,-46.7622
Willisornis,-3.70356,-46.7622
Willisornis,-3.70356,-46.7622
Willisornis,-3.70356,-46.7622
Willisornis,-3.70356,-46.7622
Willisornis,-3.73975,-46.7309
Willisornis,-3.73975,-46.7309
Willisornis,-3.73975,-46.7309
Willisornis,-1.60388,-46.2872
Willisornis,-1.60388,-46.2872